{"cameraMode":{"drawMode":0,"name":"Shaded","section":"Shading Mode"},"sceneLighting":true,"audioPlay":false,"sceneViewState":{"showFog":true,"showMaterialUpdate":false,"showSkybox":true,"showFlares":true,"showImageEffects":true,"showParticleSystems":true},"in2DMode":false,"pivot":{"x":-3.20457124710083,"y":-32.49824523925781,"z":39.11433410644531},"rotation":{"x":-0.39155113697052,"y":0.003015002701431513,"z":-0.0013129916042089463,"w":-0.9201820492744446},"size":113.60269165039063,"orthographic":false}