{"cameraMode":{"drawMode":0,"name":"Shaded","section":"Shading Mode"},"sceneLighting":false,"audioPlay":false,"sceneViewState":{"showFog":true,"showMaterialUpdate":false,"showSkybox":false,"showFlares":true,"showImageEffects":true,"showParticleSystems":true},"in2DMode":false,"pivot":{"x":-0.36429500579833987,"y":0.5692124366760254,"z":1.3279930353164673},"rotation":{"x":-0.3348749876022339,"y":-0.3312792181968689,"z":0.1270892173051834,"w":-0.8729365468025208},"size":6.605716228485107,"orthographic":false}