{"cameraMode":{"drawMode":0,"name":"Shaded","section":"Shading Mode"},"sceneLighting":true,"audioPlay":false,"sceneViewState":{"showFog":true,"showMaterialUpdate":false,"showSkybox":true,"showFlares":true,"showImageEffects":true,"showParticleSystems":true},"in2DMode":false,"pivot":{"x":-0.7621485590934753,"y":0.7334365844726563,"z":-0.1244649887084961},"rotation":{"x":-0.5660951137542725,"y":0.011369150131940842,"z":-0.007801628205925226,"w":-0.8242588639259338},"size":15.807924270629883,"orthographic":false}